name,description,price,imgUrl,authorId,categoryId,status
Beras Nanasmadu 5 KG ( Harga HET + Ongkir ),"Maksimum pembelian 2 produk

Expired Date 20220605

Beras Nanasmadu 5 KG 

“NANAS MADU” merupakan beras pilihan dengan citarasa pulen. Beras ini merupakan produksi langsung dari petani di daerah Jawa Barat. Beras dikemas secara vakum dan modern untuk menjaga mutu dan kualitas produk. 

Produk ini memiliki cita rasa nasi yang pulen dengan harga yang sangat bersahabat

Untuk saat ini PangananDotcom telah melayani sebagian besar Jabodetabek* namun Kami berkomitmen untuk melayani semua kota di Indonesia.

Mau beli pangan yang mudah, praktis dan berkualitas? Beli aja di PangananDotcom

#beras #nanas #madu #sehat #masyarakat #indonesia #tanpa #bahan #kimia
",52500,522,1,1,active
Beras premium Koala Madu Pulen Wangi 5 kg (Harga + Ongkir),"Maksimum pembelian 2 produk

Expired Date 20220605

Beras Nanasmadu 5 KG 

“NANAS MADU” merupakan beras pilihan dengan citarasa pulen. Beras ini merupakan produksi langsung dari petani di daerah Jawa Barat. Beras dikemas secara vakum dan modern untuk menjaga mutu dan kualitas produk. 

Produk ini memiliki cita rasa nasi yang pulen dengan harga yang sangat bersahabat

Untuk saat ini PangananDotcom telah melayani sebagian besar Jabodetabek* namun Kami berkomitmen untuk melayani semua kota di Indonesia.

Mau beli pangan yang mudah, praktis dan berkualitas? Beli aja di PangananDotcom

#beras #nanas #madu #sehat #masyarakat #indonesia #tanpa #bahan #kimia
",57500,217,1,2,active
Minyak Goreng Sania Pouch 2Pack x 2L (Harga + Ongkir),"Maksimum pembelian 2 produk

Expired Date 20220605

Beras Nanasmadu 5 KG 

“NANAS MADU” merupakan beras pilihan dengan citarasa pulen. Beras ini merupakan produksi langsung dari petani di daerah Jawa Barat. Beras dikemas secara vakum dan modern untuk menjaga mutu dan kualitas produk. 

Produk ini memiliki cita rasa nasi yang pulen dengan harga yang sangat bersahabat

Untuk saat ini PangananDotcom telah melayani sebagian besar Jabodetabek* namun Kami berkomitmen untuk melayani semua kota di Indonesia.

Mau beli pangan yang mudah, praktis dan berkualitas? Beli aja di PangananDotcom

#beras #nanas #madu #sehat #masyarakat #indonesia #tanpa #bahan #kimia
",58000,840,1,3,active
Filma Minyak Goreng 2L @2Pcs (Harga + Ongkir) - SBY,"Maksimum pembelian 2 produk

Expired Date 20220605

Beras Nanasmadu 5 KG 

“NANAS MADU” merupakan beras pilihan dengan citarasa pulen. Beras ini merupakan produksi langsung dari petani di daerah Jawa Barat. Beras dikemas secara vakum dan modern untuk menjaga mutu dan kualitas produk. 

Produk ini memiliki cita rasa nasi yang pulen dengan harga yang sangat bersahabat

Untuk saat ini PangananDotcom telah melayani sebagian besar Jabodetabek* namun Kami berkomitmen untuk melayani semua kota di Indonesia.

Mau beli pangan yang mudah, praktis dan berkualitas? Beli aja di PangananDotcom

#beras #nanas #madu #sehat #masyarakat #indonesia #tanpa #bahan #kimia
",58000,166,1,1,active
INDOMIE - SOTO MIE 70G - 1 KARTON (Harga + Ongkir) - SBY,"Maksimum pembelian 2 produk

Expired Date 20220605

Beras Nanasmadu 5 KG 

“NANAS MADU” merupakan beras pilihan dengan citarasa pulen. Beras ini merupakan produksi langsung dari petani di daerah Jawa Barat. Beras dikemas secara vakum dan modern untuk menjaga mutu dan kualitas produk. 

Produk ini memiliki cita rasa nasi yang pulen dengan harga yang sangat bersahabat

Untuk saat ini PangananDotcom telah melayani sebagian besar Jabodetabek* namun Kami berkomitmen untuk melayani semua kota di Indonesia.

Mau beli pangan yang mudah, praktis dan berkualitas? Beli aja di PangananDotcom

#beras #nanas #madu #sehat #masyarakat #indonesia #tanpa #bahan #kimia
",93000,2,1,2,active
Gula Pasir Manis Kita 1Kg @4 Pcs - SBY (Harga HET + Ongkir),"Maksimum pembelian 2 produk

Expired Date 20220605

Beras Nanasmadu 5 KG 

“NANAS MADU” merupakan beras pilihan dengan citarasa pulen. Beras ini merupakan produksi langsung dari petani di daerah Jawa Barat. Beras dikemas secara vakum dan modern untuk menjaga mutu dan kualitas produk. 

Produk ini memiliki cita rasa nasi yang pulen dengan harga yang sangat bersahabat

Untuk saat ini PangananDotcom telah melayani sebagian besar Jabodetabek* namun Kami berkomitmen untuk melayani semua kota di Indonesia.

Mau beli pangan yang mudah, praktis dan berkualitas? Beli aja di PangananDotcom

#beras #nanas #madu #sehat #masyarakat #indonesia #tanpa #bahan #kimia
",52000,144,1,3,active
Gula MJ 1 kg,"Maksimum pembelian 2 produk

Expired Date 20220605

Beras Nanasmadu 5 KG 

“NANAS MADU” merupakan beras pilihan dengan citarasa pulen. Beras ini merupakan produksi langsung dari petani di daerah Jawa Barat. Beras dikemas secara vakum dan modern untuk menjaga mutu dan kualitas produk. 

Produk ini memiliki cita rasa nasi yang pulen dengan harga yang sangat bersahabat

Untuk saat ini PangananDotcom telah melayani sebagian besar Jabodetabek* namun Kami berkomitmen untuk melayani semua kota di Indonesia.

Mau beli pangan yang mudah, praktis dan berkualitas? Beli aja di PangananDotcom

#beras #nanas #madu #sehat #masyarakat #indonesia #tanpa #bahan #kimia
",15400,6855,1,1,active
Indomilk Full Cream UHT 1000 ml,"Maksimum pembelian 2 produk

Expired Date 20220605

Beras Nanasmadu 5 KG 

“NANAS MADU” merupakan beras pilihan dengan citarasa pulen. Beras ini merupakan produksi langsung dari petani di daerah Jawa Barat. Beras dikemas secara vakum dan modern untuk menjaga mutu dan kualitas produk. 

Produk ini memiliki cita rasa nasi yang pulen dengan harga yang sangat bersahabat

Untuk saat ini PangananDotcom telah melayani sebagian besar Jabodetabek* namun Kami berkomitmen untuk melayani semua kota di Indonesia.

Mau beli pangan yang mudah, praktis dan berkualitas? Beli aja di PangananDotcom

#beras #nanas #madu #sehat #masyarakat #indonesia #tanpa #bahan #kimia
",16200,952,1,2,active
Indomilk Instant Plain Susu Bubuk Box 800 gr x 2,"Maksimum pembelian 2 produk

Expired Date 20220605

Beras Nanasmadu 5 KG 

“NANAS MADU” merupakan beras pilihan dengan citarasa pulen. Beras ini merupakan produksi langsung dari petani di daerah Jawa Barat. Beras dikemas secara vakum dan modern untuk menjaga mutu dan kualitas produk. 

Produk ini memiliki cita rasa nasi yang pulen dengan harga yang sangat bersahabat

Untuk saat ini PangananDotcom telah melayani sebagian besar Jabodetabek* namun Kami berkomitmen untuk melayani semua kota di Indonesia.

Mau beli pangan yang mudah, praktis dan berkualitas? Beli aja di PangananDotcom

#beras #nanas #madu #sehat #masyarakat #indonesia #tanpa #bahan #kimia
",149400,47,1,3,active
DANCOW FORTIGRO INSTANT COKLAT/ PUTIH [800 GR],"Maksimum pembelian 2 produk

Expired Date 20220605

Beras Nanasmadu 5 KG 

“NANAS MADU” merupakan beras pilihan dengan citarasa pulen. Beras ini merupakan produksi langsung dari petani di daerah Jawa Barat. Beras dikemas secara vakum dan modern untuk menjaga mutu dan kualitas produk. 

Produk ini memiliki cita rasa nasi yang pulen dengan harga yang sangat bersahabat

Untuk saat ini PangananDotcom telah melayani sebagian besar Jabodetabek* namun Kami berkomitmen untuk melayani semua kota di Indonesia.

Mau beli pangan yang mudah, praktis dan berkualitas? Beli aja di PangananDotcom

#beras #nanas #madu #sehat #masyarakat #indonesia #tanpa #bahan #kimia
",73500,330,1,1,archived
SABUN JOHNSON'S BABY REFILL [400ML],"Maksimum pembelian 2 produk

Expired Date 20220605

Beras Nanasmadu 5 KG 

“NANAS MADU” merupakan beras pilihan dengan citarasa pulen. Beras ini merupakan produksi langsung dari petani di daerah Jawa Barat. Beras dikemas secara vakum dan modern untuk menjaga mutu dan kualitas produk. 

Produk ini memiliki cita rasa nasi yang pulen dengan harga yang sangat bersahabat

Untuk saat ini PangananDotcom telah melayani sebagian besar Jabodetabek* namun Kami berkomitmen untuk melayani semua kota di Indonesia.

Mau beli pangan yang mudah, praktis dan berkualitas? Beli aja di PangananDotcom

#beras #nanas #madu #sehat #masyarakat #indonesia #tanpa #bahan #kimia
",25300,277,1,2,archived
(PAKET 4  PCS) LIFEBUOY SOAP / SABUN BATANG,"Maksimum pembelian 2 produk

Expired Date 20220605

Beras Nanasmadu 5 KG 

“NANAS MADU” merupakan beras pilihan dengan citarasa pulen. Beras ini merupakan produksi langsung dari petani di daerah Jawa Barat. Beras dikemas secara vakum dan modern untuk menjaga mutu dan kualitas produk. 

Produk ini memiliki cita rasa nasi yang pulen dengan harga yang sangat bersahabat

Untuk saat ini PangananDotcom telah melayani sebagian besar Jabodetabek* namun Kami berkomitmen untuk melayani semua kota di Indonesia.

Mau beli pangan yang mudah, praktis dan berkualitas? Beli aja di PangananDotcom

#beras #nanas #madu #sehat #masyarakat #indonesia #tanpa #bahan #kimia
",14500,52,1,3,archived
MAWAR SUPER LAUNDRY DI JAMIN  HALAL,"Maksimum pembelian 2 produk

Expired Date 20220605

Beras Nanasmadu 5 KG 

“NANAS MADU” merupakan beras pilihan dengan citarasa pulen. Beras ini merupakan produksi langsung dari petani di daerah Jawa Barat. Beras dikemas secara vakum dan modern untuk menjaga mutu dan kualitas produk. 

Produk ini memiliki cita rasa nasi yang pulen dengan harga yang sangat bersahabat

Untuk saat ini PangananDotcom telah melayani sebagian besar Jabodetabek* namun Kami berkomitmen untuk melayani semua kota di Indonesia.

Mau beli pangan yang mudah, praktis dan berkualitas? Beli aja di PangananDotcom

#beras #nanas #madu #sehat #masyarakat #indonesia #tanpa #bahan #kimia
",19700,706,1,1,active
"Happy Laundry Pelicin Setrika, Pelembut dan Pengharum Pakaian 1 Liter","Maksimum pembelian 2 produk

Expired Date 20220605

Beras Nanasmadu 5 KG 

“NANAS MADU” merupakan beras pilihan dengan citarasa pulen. Beras ini merupakan produksi langsung dari petani di daerah Jawa Barat. Beras dikemas secara vakum dan modern untuk menjaga mutu dan kualitas produk. 

Produk ini memiliki cita rasa nasi yang pulen dengan harga yang sangat bersahabat

Untuk saat ini PangananDotcom telah melayani sebagian besar Jabodetabek* namun Kami berkomitmen untuk melayani semua kota di Indonesia.

Mau beli pangan yang mudah, praktis dan berkualitas? Beli aja di PangananDotcom

#beras #nanas #madu #sehat #masyarakat #indonesia #tanpa #bahan #kimia
",16000,678,1,2,active
Sabun Mandi BATH & BODY WASH FOAM PREMIUM PROKLEEN 5L GOSEND/GRAB,"Maksimum pembelian 2 produk

Expired Date 20220605

Beras Nanasmadu 5 KG 

“NANAS MADU” merupakan beras pilihan dengan citarasa pulen. Beras ini merupakan produksi langsung dari petani di daerah Jawa Barat. Beras dikemas secara vakum dan modern untuk menjaga mutu dan kualitas produk. 

Produk ini memiliki cita rasa nasi yang pulen dengan harga yang sangat bersahabat

Untuk saat ini PangananDotcom telah melayani sebagian besar Jabodetabek* namun Kami berkomitmen untuk melayani semua kota di Indonesia.

Mau beli pangan yang mudah, praktis dan berkualitas? Beli aja di PangananDotcom

#beras #nanas #madu #sehat #masyarakat #indonesia #tanpa #bahan #kimia
",120000,9936,1,3,inactive
NUVO Bodywash Sabun Cair 450ml,"Maksimum pembelian 2 produk

Expired Date 20220605

Beras Nanasmadu 5 KG 

“NANAS MADU” merupakan beras pilihan dengan citarasa pulen. Beras ini merupakan produksi langsung dari petani di daerah Jawa Barat. Beras dikemas secara vakum dan modern untuk menjaga mutu dan kualitas produk. 

Produk ini memiliki cita rasa nasi yang pulen dengan harga yang sangat bersahabat

Untuk saat ini PangananDotcom telah melayani sebagian besar Jabodetabek* namun Kami berkomitmen untuk melayani semua kota di Indonesia.

Mau beli pangan yang mudah, praktis dan berkualitas? Beli aja di PangananDotcom

#beras #nanas #madu #sehat #masyarakat #indonesia #tanpa #bahan #kimia
",13499,0,1,1,inactive
"Downy Pewangi dan Pelembut Pakaian Konsentrat Mystique 1,45 L - Paket isi 2","Maksimum pembelian 2 produk

Expired Date 20220605

Beras Nanasmadu 5 KG 

“NANAS MADU” merupakan beras pilihan dengan citarasa pulen. Beras ini merupakan produksi langsung dari petani di daerah Jawa Barat. Beras dikemas secara vakum dan modern untuk menjaga mutu dan kualitas produk. 

Produk ini memiliki cita rasa nasi yang pulen dengan harga yang sangat bersahabat

Untuk saat ini PangananDotcom telah melayani sebagian besar Jabodetabek* namun Kami berkomitmen untuk melayani semua kota di Indonesia.

Mau beli pangan yang mudah, praktis dan berkualitas? Beli aja di PangananDotcom

#beras #nanas #madu #sehat #masyarakat #indonesia #tanpa #bahan #kimia
",81900,24,1,2,inactive
Bebelac Gold 3 Madu Susu Bubuk Tinggi Serat 700 gr x 3,"Maksimum pembelian 2 produk

Expired Date 20220605

Beras Nanasmadu 5 KG 

“NANAS MADU” merupakan beras pilihan dengan citarasa pulen. Beras ini merupakan produksi langsung dari petani di daerah Jawa Barat. Beras dikemas secara vakum dan modern untuk menjaga mutu dan kualitas produk. 

Produk ini memiliki cita rasa nasi yang pulen dengan harga yang sangat bersahabat

Untuk saat ini PangananDotcom telah melayani sebagian besar Jabodetabek* namun Kami berkomitmen untuk melayani semua kota di Indonesia.

Mau beli pangan yang mudah, praktis dan berkualitas? Beli aja di PangananDotcom

#beras #nanas #madu #sehat #masyarakat #indonesia #tanpa #bahan #kimia
",336000,13,1,3,inactive
Maestro Mayonnaise Sachet 100 gr Triple Pack,"Maksimum pembelian 2 produk

Expired Date 20220605

Beras Nanasmadu 5 KG 

“NANAS MADU” merupakan beras pilihan dengan citarasa pulen. Beras ini merupakan produksi langsung dari petani di daerah Jawa Barat. Beras dikemas secara vakum dan modern untuk menjaga mutu dan kualitas produk. 

Produk ini memiliki cita rasa nasi yang pulen dengan harga yang sangat bersahabat

Untuk saat ini PangananDotcom telah melayani sebagian besar Jabodetabek* namun Kami berkomitmen untuk melayani semua kota di Indonesia.

Mau beli pangan yang mudah, praktis dan berkualitas? Beli aja di PangananDotcom

#beras #nanas #madu #sehat #masyarakat #indonesia #tanpa #bahan #kimia
",12000,24,1,1,inactive
Maestro Mayonnaise,"Maksimum pembelian 2 produk

Expired Date 20220605

Beras Nanasmadu 5 KG 

“NANAS MADU” merupakan beras pilihan dengan citarasa pulen. Beras ini merupakan produksi langsung dari petani di daerah Jawa Barat. Beras dikemas secara vakum dan modern untuk menjaga mutu dan kualitas produk. 

Produk ini memiliki cita rasa nasi yang pulen dengan harga yang sangat bersahabat

Untuk saat ini PangananDotcom telah melayani sebagian besar Jabodetabek* namun Kami berkomitmen untuk melayani semua kota di Indonesia.

Mau beli pangan yang mudah, praktis dan berkualitas? Beli aja di PangananDotcom

#beras #nanas #madu #sehat #masyarakat #indonesia #tanpa #bahan #kimia
",12000,24,1,1,inactive